Source	Target	Type	id	weight
1771	1773	Directed	463	1.0
1773	1774	Directed	464	1.0
1774	1775	Directed	465	1.0
1774	1776	Directed	466	1.0
1773	1778	Directed	467	1.0
1778	1779	Directed	468	1.0
1778	1780	Directed	469	1.0
1778	1781	Directed	470	1.0
1778	1782	Directed	471	1.0
1778	1783	Directed	472	1.0
1773	1785	Directed	473	1.0
1785	1786	Directed	474	1.0
1785	1787	Directed	475	1.0
1785	1788	Directed	476	1.0
1773	1789	Directed	477	1.0
1789	1790	Directed	478	1.0
1789	1791	Directed	479	1.0
1789	1792	Directed	480	1.0
1773	1793	Directed	481	1.0
1793	1794	Directed	482	1.0
1793	1795	Directed	483	1.0
1793	1796	Directed	484	1.0
1793	1797	Directed	485	1.0
1773	1798	Directed	486	1.0
1798	1799	Directed	487	1.0
1798	1801	Directed	488	1.0
1798	1803	Directed	489	1.0
1798	1805	Directed	490	1.0
1805	1806	Directed	491	1.0
1805	1807	Directed	492	1.0
1771	1808	Directed	493	1.0
1808	1809	Directed	494	1.0
1809	1810	Directed	495	1.0
1810	1812	Directed	496	1.0
1810	1813	Directed	497	1.0
1810	1814	Directed	498	1.0
1810	1815	Directed	499	1.0
1809	1816	Directed	500	1.0
1816	1818	Directed	501	1.0
1816	1819	Directed	502	1.0
1816	1820	Directed	503	1.0
1816	1821	Directed	504	1.0
1816	1822	Directed	505	1.0
1816	1823	Directed	506	1.0
1816	1824	Directed	507	1.0
1809	1825	Directed	508	1.0
1825	1826	Directed	509	1.0
1825	1827	Directed	510	1.0
1825	1828	Directed	511	1.0
1808	1829	Directed	512	1.0
1829	1830	Directed	513	1.0
1829	1832	Directed	514	1.0
1832	1833	Directed	515	1.0
1833	1834	Directed	516	1.0
1833	1835	Directed	517	1.0
1832	1837	Directed	518	1.0
1837	1838	Directed	519	1.0
1837	1839	Directed	520	1.0
1837	1840	Directed	521	1.0
1837	1841	Directed	522	1.0
1837	1842	Directed	523	1.0
1837	1843	Directed	524	1.0
1837	1844	Directed	525	1.0
1837	1845	Directed	526	1.0
1837	1846	Directed	527	1.0
1837	1847	Directed	528	1.0
1837	1848	Directed	529	1.0
1837	1849	Directed	530	1.0
1837	1850	Directed	531	1.0
1837	1851	Directed	532	1.0
1837	1852	Directed	533	1.0
1837	1853	Directed	534	1.0
1829	1854	Directed	535	1.0
1829	1856	Directed	536	1.0
1856	1857	Directed	537	1.0
1856	1858	Directed	538	1.0
1856	1859	Directed	539	1.0
1808	1860	Directed	540	1.0
1860	1861	Directed	541	1.0
1860	1862	Directed	542	1.0
1808	1863	Directed	543	1.0
1863	1864	Directed	544	1.0
1863	1867	Directed	545	1.0
1867	1868	Directed	546	1.0
1867	1869	Directed	547	1.0
1867	1870	Directed	548	1.0
1867	1871	Directed	549	1.0
1863	1872	Directed	550	1.0
1863	1874	Directed	551	1.0
1874	1875	Directed	552	1.0
1874	1876	Directed	553	1.0
1874	1877	Directed	554	1.0
1808	1878	Directed	555	1.0
1808	1879	Directed	556	1.0
1771	1880	Directed	557	1.0
1880	1881	Directed	558	1.0
1880	1882	Directed	559	1.0
1882	1883	Directed	560	1.0
1882	1884	Directed	561	1.0
1882	1885	Directed	562	1.0
1882	1886	Directed	563	1.0
1882	1887	Directed	564	1.0
1882	1888	Directed	565	1.0
1880	1889	Directed	566	1.0
1889	1890	Directed	567	1.0
1889	1891	Directed	568	1.0
1889	1892	Directed	569	1.0
1880	1893	Directed	570	1.0
1893	1894	Directed	571	1.0
1893	1896	Directed	572	1.0
1896	1897	Directed	573	1.0
1896	1898	Directed	574	1.0
